timestamp,aircraft_id,latitude,longitude,altitude,speed
2026-09-23 10:00:00,A123,13.480259,77.380609,30845.95,433.06
2026-09-23 10:00:10,A123,13.481432,77.382307,30831.83,436.17
2026-09-23 10:00:20,A123,13.481415,77.383814,30874.52,426.35
2026-09-23 10:00:30,A123,13.48171,77.385775,30799.23,435.26
2026-09-23 10:00:40,A123,13.482837,77.387435,30947.94,433.1
2026-09-23 10:00:50,A123,13.484027,77.38943,30827.34,434.44
2026-09-23 10:01:00,A123,13.48434,77.39215,30823.96,432.83
2026-09-23 10:01:10,A123,13.485359,77.394741,30859.19,429.77
2026-09-23 10:01:20,A123,13.486729,77.395512,30872.53,426.16
2026-09-23 10:01:30,A123,13.486669,77.398079,30904.31,434.69
2026-09-23 10:01:40,A123,13.487954,77.39988,30771.29,431.12
2026-09-23 10:01:50,A123,13.488616,77.402423,30880.62,426.95
2026-09-23 10:02:00,A123,13.48973,77.403846,30819.38,436.45
2026-09-23 10:02:10,A123,13.490812,77.406373,30809.65,432.76
2026-09-23 10:02:20,A123,13.491333,77.40839,30831.25,433.26
2026-09-23 10:02:30,A123,13.491557,77.409522,30908.75,439.42
2026-09-23 10:02:40,A123,13.492771,77.412401,30881.7,431.42
2026-09-23 10:02:50,A123,13.493745,77.414615,30857.85,440.26
2026-09-23 10:03:00,A123,13.493352,77.416329,30865.22,432.8
2026-09-23 10:03:10,A123,13.495237,77.417205,30846.82,435.43
2026-09-23 10:03:20,A123,13.496591,77.419793,30811.49,431.99
2026-09-23 10:03:30,A123,13.497166,77.422132,30828.21,436.05
2026-09-23 10:03:40,A123,13.497639,77.424387,30817.88,432.69
2026-09-23 10:03:50,A123,13.498243,77.425415,30877.77,435.04
2026-09-23 10:04:00,A123,13.499202,77.427906,30775.08,432.32
2026-09-23 10:04:10,A123,13.499863,77.429679,30850.32,435.62
2026-09-23 10:04:20,A123,13.501554,77.43207,30875.45,433.7
2026-09-23 10:04:30,A123,13.500832,77.433989,30863.61,443.85
2026-09-23 10:04:40,A123,13.502323,77.436121,30857.92,429.33
2026-09-23 10:04:50,A123,13.503657,77.438301,30907.46,430.36
2026-09-23 10:05:00,A123,13.504561,77.439439,30895.21,442.76
2026-09-23 10:05:10,A123,13.504404,77.441773,30865.98,431.99
2026-09-23 10:05:20,A123,13.50498,77.444027,30796.26,435.89
2026-09-23 10:05:30,A123,13.506032,77.44662,30813.0,432.71
2026-09-23 10:05:40,A123,13.507525,77.447508,30873.65,439.23
2026-09-23 10:05:50,A123,13.507357,77.450074,30875.59,437.13
2026-09-23 10:06:00,A123,13.508305,77.451472,30891.32,435.19
2026-09-23 10:06:10,A123,13.5097,77.454139,30819.2,434.93
2026-09-23 10:06:20,A123,13.510517,77.455714,30971.95,435.9
2026-09-23 10:06:30,A123,13.510723,77.458263,30801.52,437.15
2026-09-23 10:06:40,A123,13.512463,77.459672,30917.8,435.65
2026-09-23 10:06:50,A123,13.513129,77.462759,30845.28,430.99
2026-09-23 10:07:00,A123,13.513244,77.463674,30855.37,435.36
2026-09-23 10:07:10,A123,13.514511,77.466331,30860.78,439.81
2026-09-23 10:07:20,A123,13.515094,77.469088,30897.54,430.57
2026-09-23 10:07:30,A123,13.515572,77.470193,30846.59,436.86
2026-09-23 10:07:40,A123,13.516989,77.471971,30809.19,427.94
2026-09-23 10:07:50,A123,13.517421,77.474343,30872.85,429.02
2026-09-23 10:08:00,A123,13.518469,77.476154,30806.97,434.61
2026-09-23 10:08:10,A123,13.519223,77.477543,30881.47,436.24
2026-09-23 10:08:20,A123,13.520433,77.480422,30777.34,430.25
2026-09-23 10:08:30,A123,13.521006,77.482206,30890.9,449.41
2026-09-23 10:08:40,A123,13.521828,77.484454,30917.24,436.61
2026-09-23 10:08:50,A123,13.522274,77.486304,30813.63,433.05
2026-09-23 10:09:00,A123,13.523006,77.488033,30998.88,426.53
2026-09-23 10:09:10,A123,13.524275,77.489355,30831.68,438.36
2026-09-23 10:09:20,A123,13.524826,77.491569,30817.08,436.72
2026-09-23 10:09:30,A123,13.525308,77.494087,30862.73,431.39
2026-09-23 10:09:40,A123,13.527258,77.496254,30738.49,434.75
2026-09-23 10:09:50,A123,13.526935,77.498341,30812.45,433.54
2026-09-23 10:10:00,A123,13.528202,77.500346,30787.98,432.66
2026-09-23 10:10:10,A123,13.52861,77.501739,30965.93,435.62
2026-09-23 10:10:20,A123,13.529096,77.504367,30987.33,438.13
2026-09-23 10:10:30,A123,13.529792,77.505806,30936.01,431.17
2026-09-23 10:10:40,A123,13.531378,77.50831,30804.38,433.76
2026-09-23 10:10:50,A123,13.530703,77.50959,30844.85,429.01
2026-09-23 10:11:00,A123,13.533453,77.511428,30833.6,434.52
2026-09-23 10:11:10,A123,13.534177,77.513426,30929.79,434.04
2026-09-23 10:11:20,A123,13.534007,77.516185,30871.94,431.6
2026-09-23 10:11:30,A123,13.535228,77.517846,30866.81,436.65
2026-09-23 10:11:40,A123,13.536634,77.519505,30987.98,426.19
2026-09-23 10:11:50,A123,13.536739,77.522235,30876.86,431.51
2026-09-23 10:12:00,A123,13.537517,77.523803,30824.64,437.4
2026-09-23 10:12:10,A123,13.538543,77.525723,30913.98,435.23
2026-09-23 10:12:20,A123,13.539525,77.528252,30810.26,431.76
2026-09-23 10:12:30,A123,13.540299,77.530244,30858.75,434.47
2026-09-23 10:12:40,A123,13.540911,77.531763,30892.83,433.19
2026-09-23 10:12:50,A123,13.540713,77.53444,30909.52,437.25
2026-09-23 10:13:00,A123,13.541722,77.536008,30900.92,432.76
2026-09-23 10:13:10,A123,13.54173,77.537948,30865.82,436.38
2026-09-23 10:13:20,A123,13.541673,77.540837,30799.64,429.14
2026-09-23 10:13:30,A123,13.542863,77.542317,30897.45,436.51
2026-09-23 10:13:40,A123,13.542795,77.543641,30864.55,431.29
2026-09-23 10:13:50,A123,13.54359,77.545941,30810.47,432.71
2026-09-23 10:14:00,A123,13.543765,77.547775,30810.67,434.97
2026-09-23 10:14:10,A123,13.544098,77.549797,30831.74,434.93
2026-09-23 10:14:20,A123,13.543821,77.551437,30816.89,433.15
2026-09-23 10:14:30,A123,13.544924,77.55459,30911.46,433.36
2026-09-23 10:14:40,A123,13.545192,77.555599,30858.89,432.85
2026-09-23 10:14:50,A123,13.545729,77.557669,30891.16,440.13
2026-09-23 10:15:00,A123,13.545956,77.560161,30901.41,432.4
2026-09-23 10:15:10,A123,13.54649,77.562005,30865.86,430.91
2026-09-23 10:15:20,A123,13.54681,77.564199,30947.07,437.84
2026-09-23 10:15:30,A123,13.548061,77.565693,30912.34,434.73
2026-09-23 10:15:40,A123,13.548476,77.567677,30809.62,431.6
2026-09-23 10:15:50,A123,13.54715,77.56979,30814.45,434.6
2026-09-23 10:16:00,A123,13.548537,77.57275,30917.03,431.69
2026-09-23 10:16:10,A123,13.548441,77.574197,30780.79,441.33
2026-09-23 10:16:20,A123,13.549672,77.575812,30757.21,439.42
2026-09-23 10:16:30,A123,13.549554,77.578495,30764.33,431.6
2026-09-23 10:00:00,B456,13.480002,77.860019,34586.0,449.49
2026-09-23 10:00:10,B456,13.480373,77.861943,34620.22,449.06
2026-09-23 10:00:20,B456,13.481885,77.86355,34520.95,452.11
2026-09-23 10:00:30,B456,13.482533,77.865701,34706.07,447.46
2026-09-23 10:00:40,B456,13.483672,77.868027,34736.64,454.02
2026-09-23 10:00:50,B456,13.4839,77.870389,34651.72,452.47
2026-09-23 10:01:00,B456,13.484414,77.872274,34676.51,439.97
2026-09-23 10:01:10,B456,13.485127,77.873184,34596.84,449.87
2026-09-23 10:01:20,B456,13.487001,77.87603,34710.72,441.48
2026-09-23 10:01:30,B456,13.486519,77.877978,34636.04,446.87
2026-09-23 10:01:40,B456,13.487173,77.879964,34534.73,449.68
2026-09-23 10:01:50,B456,13.488947,77.881624,34582.17,442.76
2026-09-23 10:02:00,B456,13.489575,77.884382,34553.86,449.02
2026-09-23 10:02:10,B456,13.490188,77.885683,34606.58,442.86
2026-09-23 10:02:20,B456,13.490979,77.887521,34730.88,447.14
2026-09-23 10:02:30,B456,13.49172,77.890086,34606.26,446.12
2026-09-23 10:02:40,B456,13.493046,77.892303,34581.17,444.7
2026-09-23 10:02:50,B456,13.49349,77.893079,34522.09,452.47
2026-09-23 10:03:00,B456,13.495058,77.8959,34647.59,448.25
2026-09-23 10:03:10,B456,13.496432,77.898448,34605.32,443.18
2026-09-23 10:03:20,B456,13.495357,77.900081,34567.62,441.31
2026-09-23 10:03:30,B456,13.496541,77.901567,34714.23,450.53
2026-09-23 10:03:40,B456,13.497597,77.904592,34617.64,443.55
2026-09-23 10:03:50,B456,13.499009,77.906216,34550.77,446.24
2026-09-23 10:04:00,B456,13.49885,77.907447,34668.57,454.64
2026-09-23 10:04:10,B456,13.499441,77.910225,34573.96,445.05
2026-09-23 10:04:20,B456,13.500563,77.911654,34615.91,443.68
2026-09-23 10:04:30,B456,13.501708,77.91398,34598.66,443.37
2026-09-23 10:04:40,B456,13.502169,77.916302,34643.06,443.09
2026-09-23 10:04:50,B456,13.50324,77.918301,34512.84,449.17
2026-09-23 10:05:00,B456,13.503735,77.920228,34567.2,439.78
2026-09-23 10:05:10,B456,13.504149,77.922019,34628.58,443.38
2026-09-23 10:05:20,B456,13.505855,77.923335,34609.04,442.16
2026-09-23 10:05:30,B456,13.506139,77.926019,34561.38,445.46
2026-09-23 10:05:40,B456,13.507603,77.927769,34663.14,442.48
2026-09-23 10:05:50,B456,13.508212,77.930577,34464.7,443.81
2026-09-23 10:06:00,B456,13.509031,77.931919,34635.27,444.58
2026-09-23 10:06:10,B456,13.509635,77.933938,34683.07,448.02
2026-09-23 10:06:20,B456,13.510535,77.935835,34583.74,445.27
2026-09-23 10:06:30,B456,13.511358,77.937832,34630.39,455.3
2026-09-23 10:06:40,B456,13.512348,77.93987,34685.07,445.37
2026-09-23 10:06:50,B456,13.511985,77.941597,34500.75,445.59
2026-09-23 10:07:00,B456,13.513607,77.944671,34632.62,446.12
2026-09-23 10:07:10,B456,13.514732,77.945116,34627.14,450.08
2026-09-23 10:07:20,B456,13.514609,77.948458,34633.31,445.34
2026-09-23 10:07:30,B456,13.516253,77.950908,34623.91,447.99
2026-09-23 10:07:40,B456,13.516616,77.95166,34662.82,443.58
2026-09-23 10:07:50,B456,13.517629,77.953809,34641.74,448.33
2026-09-23 10:08:00,B456,13.518815,77.955796,34596.81,443.08
2026-09-23 10:08:10,B456,13.519022,77.958151,34658.42,443.31
2026-09-23 10:08:20,B456,13.620348,77.86054200000001,34637.81,454.51
2026-09-23 10:08:30,B456,13.52049,77.961502,34506.28,452.98
2026-09-23 10:08:40,B456,13.521862,77.963978,34629.8,442.5
2026-09-23 10:08:50,B456,13.523378,77.966052,34619.56,449.9
2026-09-23 10:09:00,B456,13.523392,77.96809,34565.57,448.89
2026-09-23 10:09:10,B456,13.524753,77.970538,34708.59,444.96
2026-09-23 10:09:20,B456,13.524404,77.97195,34616.34,451.38
2026-09-23 10:09:30,B456,13.524923,77.974612,34603.52,445.29
2026-09-23 10:09:40,B456,13.525995,77.975338,34662.39,447.29
2026-09-23 10:09:50,B456,13.526684,77.977482,34592.85,453.68
2026-09-23 10:10:00,B456,13.527896,77.979399,34598.26,445.91
2026-09-23 10:10:10,B456,13.527721,77.981978,34599.14,449.78
2026-09-23 10:10:20,B456,13.53034,77.984451,34596.87,442.57
2026-09-23 10:10:30,B456,13.531429,77.986024,34613.84,446.9
2026-09-23 10:10:40,B456,13.531279,77.987942,34578.58,444.81
2026-09-23 10:10:50,B456,13.531987,77.989783,34570.23,447.43
2026-09-23 10:11:00,B456,13.532698,77.992602,34453.94,451.37
2026-09-23 10:11:10,B456,13.534098,77.993171,34592.44,445.51
2026-09-23 10:11:20,B456,13.533837,77.995689,34546.37,454.01
2026-09-23 10:11:30,B456,13.535574,77.998509,34656.3,442.48
2026-09-23 10:11:40,B456,13.53579,78.000196,34539.67,449.85
2026-09-23 10:11:50,B456,13.536704,78.00185,34655.66,448.78
2026-09-23 10:12:00,B456,13.537456,78.004464,34548.14,449.46
2026-09-23 10:12:10,B456,13.538637,78.005876,34632.57,442.0
2026-09-23 10:12:20,B456,13.53957,78.007926,34581.64,451.2
2026-09-23 10:12:30,B456,13.539718,78.009437,34519.6,449.42
2026-09-23 10:12:40,B456,13.539888,78.012702,34488.08,453.79
2026-09-23 10:12:50,B456,13.540884,78.013961,34580.3,448.6
2026-09-23 10:13:00,B456,13.541185,78.016441,34619.85,447.6
2026-09-23 10:13:10,B456,13.541455,78.017977,34631.47,440.16
2026-09-23 10:13:20,B456,13.541461,78.020297,34623.25,446.26
2026-09-23 10:13:30,B456,13.542407,78.022139,34580.61,443.89
2026-09-23 10:13:40,B456,13.542878,78.023609,34637.5,440.19
2026-09-23 10:13:50,B456,13.543612,78.026189,34628.36,450.93
2026-09-23 10:14:00,B456,13.544266,78.028406,34502.55,441.88
2026-09-23 10:14:10,B456,13.54375,78.03001,34644.06,444.1
2026-09-23 10:14:20,B456,13.544475,78.031698,34576.31,441.37
2026-09-23 10:14:30,B456,13.544431,78.033459,34554.45,451.21
2026-09-23 10:14:40,B456,13.54482,78.037053,34642.6,447.74
2026-09-23 10:14:50,B456,13.545257,78.03828,34578.46,447.49
2026-09-23 10:15:00,B456,13.547024,78.039962,34681.96,444.19
2026-09-23 10:15:10,B456,13.546386,78.042708,34575.38,454.25
2026-09-23 10:15:20,B456,13.547083,78.043775,34650.94,450.89
2026-09-23 10:15:30,B456,13.547449,78.045372,34569.37,446.01
2026-09-23 10:15:40,B456,13.54757,78.048248,34623.66,441.66
2026-09-23 10:15:50,B456,13.548152,78.050244,34646.59,451.32
2026-09-23 10:16:00,B456,13.548734,78.052184,34608.79,440.36
2026-09-23 10:16:10,B456,13.548972,78.054083,34629.29,441.89
2026-09-23 10:16:20,B456,13.548768,78.056421,34610.63,449.73
2026-09-23 10:16:30,B456,13.549611,78.058012,34669.3,444.94
2026-09-23 10:00:00,C789,12.899438,77.8602,35329.45,438.11
2026-09-23 10:00:10,C789,12.899096,77.862054,35416.75,425.28
2026-09-23 10:00:20,C789,12.89814,77.864417,35444.07,434.13
2026-09-23 10:00:30,C789,12.89706,77.866234,35434.8,433.19
2026-09-23 10:00:40,C789,12.897289,77.867727,35361.41,423.06
2026-09-23 10:00:50,C789,12.896368,77.870126,35291.09,425.97
2026-09-23 10:01:00,C789,12.894851,77.872317,35373.98,429.78
2026-09-23 10:01:10,C789,12.893998,77.87358,35275.98,428.17
2026-09-23 10:01:20,C789,12.893172,77.876273,35382.06,429.7
2026-09-23 10:01:30,C789,12.893724,77.877734,35462.03,439.48
2026-09-23 10:01:40,C789,12.891372,77.88003,35360.95,430.6
2026-09-23 10:01:50,C789,12.891422,77.881751,35362.24,432.33
2026-09-23 10:02:00,C789,12.890251,77.883531,35439.75,437.19
2026-09-23 10:02:10,C789,12.889737,77.885849,35349.69,430.19
2026-09-23 10:02:20,C789,12.889743,77.888375,35341.59,433.66
2026-09-23 10:02:30,C789,12.887855,77.890234,35424.61,437.33
2026-09-23 10:02:40,C789,12.88686,77.892042,35287.09,427.97
2026-09-23 10:02:50,C789,12.886754,77.89362,35341.55,432.97
2026-09-23 10:03:00,C789,12.885878,77.895576,35183.15,429.52
2026-09-23 10:03:10,C789,12.885282,77.898137,35471.43,428.47
2026-09-23 10:03:20,C789,12.883344,77.900185,35406.4,434.22
2026-09-23 10:03:30,C789,12.883573,77.902169,35416.34,435.86
2026-09-23 10:03:40,C789,12.882601,77.904343,35452.51,439.13
2026-09-23 10:03:50,C789,12.88134,77.906192,35369.78,429.67
2026-09-23 10:04:00,C789,12.880524,77.908198,35417.1,434.6
2026-09-23 10:04:10,C789,12.87991,77.910001,35441.07,427.04
2026-09-23 10:04:20,C789,12.87961,77.912036,35437.2,427.6
2026-09-23 10:04:30,C789,12.879798,77.914085,35407.99,431.39
2026-09-23 10:04:40,C789,12.879015,77.916019,35464.54,427.23
2026-09-23 10:04:50,C789,12.87847,77.918163,35380.82,431.38
2026-09-23 10:05:00,C789,12.877855,77.92007,35283.4,436.86
2026-09-23 10:05:10,C789,12.877408,77.922051,35414.03,430.9
2026-09-23 10:05:20,C789,12.877148,77.923186,35435.93,437.32
2026-09-23 10:05:30,C789,12.87612,77.925837,35318.21,432.29
2026-09-23 10:05:40,C789,12.876659,77.928395,35459.31,438.24
2026-09-23 10:05:50,C789,12.875911,77.929541,35385.12,435.53
2026-09-23 10:06:00,C789,12.875109,77.932664,35445.87,432.17
2026-09-23 10:06:10,C789,12.874916,77.933732,35396.45,432.08
2026-09-23 10:06:20,C789,12.87518,77.935863,35422.33,432.88
2026-09-23 10:06:30,C789,12.874508,77.937908,35434.46,435.89
2026-09-23 10:06:40,C789,12.874184,77.940243,35335.34,434.29
2026-09-23 10:06:50,C789,12.8741,77.942197,35330.16,432.8
2026-09-23 10:07:00,C789,12.87335,77.943697,35310.5,431.74
2026-09-23 10:07:10,C789,12.872504,77.945994,35296.52,435.26
2026-09-23 10:07:20,C789,12.872146,77.948398,35375.39,432.9
2026-09-23 10:07:30,C789,12.871931,77.949725,35540.34,431.02
2026-09-23 10:07:40,C789,12.872009,77.951563,35414.33,434.92
2026-09-23 10:07:50,C789,12.87119,77.953772,35376.2,431.39
2026-09-23 10:08:00,C789,12.871761,77.955991,35423.49,440.13
2026-09-23 10:08:10,C789,12.870049,77.958015,35375.85,432.66
2026-09-23 10:08:20,C789,12.869928,77.959707,35403.72,1200.0
2026-09-23 10:08:30,C789,12.869996,77.962249,35362.39,431.22
2026-09-23 10:08:40,C789,12.86931,77.963681,35500.72,434.43
2026-09-23 10:08:50,C789,12.868957,77.966273,35357.23,437.36
2026-09-23 10:09:00,C789,12.868446,77.96838,35380.12,438.27
2026-09-23 10:09:10,C789,12.868161,77.970873,35369.83,433.82
2026-09-23 10:09:20,C789,12.867187,77.971788,35429.12,437.52
2026-09-23 10:09:30,C789,12.868386,77.973961,35336.01,436.01
2026-09-23 10:09:40,C789,12.866349,77.976226,35361.86,433.85
2026-09-23 10:09:50,C789,12.866836,77.977956,35447.97,436.49
2026-09-23 10:10:00,C789,12.865254,77.979639,35298.29,441.01
2026-09-23 10:10:10,C789,12.865558,77.982712,35294.02,430.71
2026-09-23 10:10:20,C789,12.86552,77.984072,35423.97,427.98
2026-09-23 10:10:30,C789,12.865351,77.986311,35416.1,430.26
2026-09-23 10:10:40,C789,12.86453,77.987883,35292.97,432.8
2026-09-23 10:10:50,C789,12.863937,77.990425,35257.93,433.94
2026-09-23 10:11:00,C789,12.863138,77.992128,35414.46,432.65
2026-09-23 10:11:10,C789,12.863523,77.993502,35458.46,430.17
2026-09-23 10:11:20,C789,12.862178,77.995891,35266.29,434.02
2026-09-23 10:11:30,C789,12.862296,77.998493,35430.94,427.43
2026-09-23 10:11:40,C789,12.861665,78.000208,35442.82,437.89
2026-09-23 10:11:50,C789,12.862086,78.001964,35413.76,438.19
2026-09-23 10:12:00,C789,12.861079,78.004152,35372.39,430.8
2026-09-23 10:12:10,C789,12.860819,78.005725,35384.15,428.86
2026-09-23 10:12:20,C789,12.860324,78.008179,35356.67,433.04
2026-09-23 10:12:30,C789,12.860056,78.010181,35383.99,437.34
2026-09-23 10:12:40,C789,12.85876,78.013175,35339.73,434.61
2026-09-23 10:12:50,C789,12.858825,78.014258,35408.59,430.4
2026-09-23 10:13:00,C789,12.859229,78.015934,35424.83,429.33
2026-09-23 10:13:10,C789,12.858388,78.018801,35449.78,434.23
2026-09-23 10:13:20,C789,12.85782,78.020027,35403.85,434.8
2026-09-23 10:13:30,C789,12.857169,78.022267,35326.62,439.52
2026-09-23 10:13:40,C789,12.856891,78.024119,35452.31,431.99
2026-09-23 10:13:50,C789,12.856936,78.026574,35425.86,434.42
2026-09-23 10:14:00,C789,12.855726,78.027627,35454.82,435.28
2026-09-23 10:14:10,C789,12.856289,78.030254,35469.39,431.95
2026-09-23 10:14:20,C789,12.855648,78.031589,35315.32,426.43
2026-09-23 10:14:30,C789,12.854846,78.034621,35298.84,431.79
2026-09-23 10:14:40,C789,12.854283,78.03576,35402.18,430.2
2026-09-23 10:14:50,C789,12.854836,78.038614,35257.05,430.27
2026-09-23 10:15:00,C789,12.854024,78.04045,35364.75,432.92
2026-09-23 10:15:10,C789,12.853137,78.041387,35478.72,425.7
2026-09-23 10:15:20,C789,12.854131,78.04429,35432.8,435.3
2026-09-23 10:15:30,C789,12.852699,78.046157,35380.67,435.21
2026-09-23 10:15:40,C789,12.852387,78.04762,35339.77,429.06
2026-09-23 10:15:50,C789,12.852388,78.049753,35277.27,434.59
2026-09-23 10:16:00,C789,12.852206,78.052309,35355.8,426.65
2026-09-23 10:16:10,C789,12.851146,78.053936,35333.85,435.2
2026-09-23 10:16:20,C789,12.851539,78.056089,35401.63,429.25
2026-09-23 10:16:30,C789,12.850959,78.05797,35357.26,433.25
2026-09-23 10:00:00,D321,12.900049,77.380217,35483.93,466.16
2026-09-23 10:00:10,D321,12.898919,77.381735,35396.84,473.0
2026-09-23 10:00:20,D321,12.897902,77.383723,35437.9,469.58
2026-09-23 10:00:30,D321,12.897482,77.386499,35440.59,467.12
2026-09-23 10:00:40,D321,12.896466,77.388858,35409.74,467.24
2026-09-23 10:00:50,D321,12.896254,77.390166,35469.88,465.48
2026-09-23 10:01:00,D321,12.895218,77.391941,35538.83,474.84
2026-09-23 10:01:10,D321,12.894177,77.393452,35475.7,476.32
2026-09-23 10:01:20,D321,12.893279,77.396656,35581.66,463.79
2026-09-23 10:01:30,D321,12.893028,77.398651,35458.25,465.19
2026-09-23 10:01:40,D321,12.891767,77.399594,35442.04,461.1
2026-09-23 10:01:50,D321,12.891214,77.401692,35495.03,459.78
2026-09-23 10:02:00,D321,12.890532,77.404333,35361.38,467.5
2026-09-23 10:02:10,D321,12.890091,77.405516,35581.35,467.68
2026-09-23 10:02:20,D321,12.888518,77.407978,35514.5,466.3
2026-09-23 10:02:30,D321,12.888216,77.409632,35491.16,460.35
2026-09-23 10:02:40,D321,12.887156,77.411638,35436.87,470.94
2026-09-23 10:02:50,D321,12.886837,77.414244,35415.46,464.73
2026-09-23 10:03:00,D321,12.886085,77.416057,35620.16,467.57
2026-09-23 10:03:10,D321,12.884877,77.417876,35489.01,465.39
2026-09-23 10:03:20,D321,12.884283,77.420383,35433.84,460.68
2026-09-23 10:03:30,D321,12.882466,77.422203,35414.8,457.39
2026-09-23 10:03:40,D321,12.882555,77.424997,35480.64,469.35
2026-09-23 10:03:50,D321,12.881633,77.42596,35536.14,464.84
2026-09-23 10:04:00,D321,12.880907,77.428129,35440.91,469.97
2026-09-23 10:04:10,D321,12.87993,77.429698,35513.19,462.41
2026-09-23 10:04:20,D321,12.879611,77.431996,35546.15,467.9
2026-09-23 10:04:30,D321,12.87919,77.434327,35564.41,468.23
2026-09-23 10:04:40,D321,12.878804,77.435475,35417.09,464.78
2026-09-23 10:04:50,D321,12.878156,77.437925,35484.4,468.12
2026-09-23 10:05:00,D321,12.877972,77.440195,35484.87,458.1
2026-09-23 10:05:10,D321,12.877224,77.441942,35408.42,468.4
2026-09-23 10:05:20,D321,12.877812,77.444488,35468.19,471.96
2026-09-23 10:05:30,D321,12.876859,77.445865,35444.2,464.79
2026-09-23 10:05:40,D321,12.876245,77.448068,35490.63,466.01
2026-09-23 10:05:50,D321,12.876175,77.450476,35537.97,460.06
2026-09-23 10:06:00,D321,12.874578,77.452374,35398.99,465.1
2026-09-23 10:06:10,D321,12.874732,77.453279,35513.49,469.04
2026-09-23 10:06:20,D321,12.874569,77.454964,35448.23,467.57
2026-09-23 10:06:30,D321,12.873808,77.458073,35480.08,468.32
2026-09-23 10:06:40,D321,12.874048,77.459611,35552.79,465.37
2026-09-23 10:06:50,D321,12.873589,77.461627,35454.4,462.46
2026-09-23 10:07:00,D321,12.873131,77.464685,35398.69,459.55
2026-09-23 10:07:10,D321,12.873388,77.465916,35440.86,470.16
2026-09-23 10:07:20,D321,12.872158,77.46873,35521.68,464.05
2026-09-23 10:07:30,D321,12.872863,77.469758,35525.53,467.2
2026-09-23 10:07:40,D321,12.872121,77.472625,35482.92,462.99
2026-09-23 10:07:50,D321,12.871384,77.473729,35601.8,466.55
2026-09-23 10:08:00,D321,12.870654,77.476074,35400.17,462.11
2026-09-23 10:08:10,D321,12.87088,77.477737,35418.19,468.15
2026-09-23 10:08:20,D321,12.870474,77.480288,60000.0,462.97
2026-09-23 10:08:30,D321,12.869031,77.482601,35461.64,465.0
2026-09-23 10:08:40,D321,12.869731,77.484222,35508.35,474.66
2026-09-23 10:08:50,D321,12.868543,77.486371,35484.42,467.07
2026-09-23 10:09:00,D321,12.869011,77.488203,35513.3,470.29
2026-09-23 10:09:10,D321,12.867854,77.489664,35418.31,458.13
2026-09-23 10:09:20,D321,12.868422,77.491559,35467.72,464.89
2026-09-23 10:09:30,D321,12.867323,77.494326,35532.63,463.67
2026-09-23 10:09:40,D321,12.866733,77.496113,35466.08,472.43
2026-09-23 10:09:50,D321,12.866596,77.498294,35520.77,470.69
2026-09-23 10:10:00,D321,12.866072,77.499481,35504.98,463.39
2026-09-23 10:10:10,D321,12.865389,77.502235,35555.3,466.09
2026-09-23 10:10:20,D321,12.865324,77.504681,35495.45,476.41
2026-09-23 10:10:30,D321,12.865026,77.505296,35526.2,467.52
2026-09-23 10:10:40,D321,12.864916,77.508269,35472.69,461.1
2026-09-23 10:10:50,D321,12.863916,77.50966,35446.17,468.35
2026-09-23 10:11:00,D321,12.864268,77.512158,35409.25,467.78
2026-09-23 10:11:10,D321,12.863679,77.513756,35472.96,466.06
2026-09-23 10:11:20,D321,12.862486,77.516259,35473.74,467.68
2026-09-23 10:11:30,D321,12.862045,77.517825,35524.34,464.51
2026-09-23 10:11:40,D321,12.862691,77.51984,35494.48,469.73
2026-09-23 10:11:50,D321,12.861033,77.521296,35389.46,471.05
2026-09-23 10:12:00,D321,12.860979,77.525023,35447.15,466.74
2026-09-23 10:12:10,D321,12.861417,77.526802,35604.69,470.83
2026-09-23 10:12:20,D321,12.86081,77.528237,35527.7,463.8
2026-09-23 10:12:30,D321,12.859673,77.529999,35470.79,464.19
2026-09-23 10:12:40,D321,12.859879,77.532382,35486.3,471.91
2026-09-23 10:12:50,D321,12.858743,77.533923,35437.99,458.53
2026-09-23 10:13:00,D321,12.858767,77.535951,35571.81,468.52
2026-09-23 10:13:10,D321,12.85799,77.538742,35554.26,468.33
2026-09-23 10:13:20,D321,12.857909,77.539616,35458.67,470.35
2026-09-23 10:13:30,D321,12.858354,77.542617,35451.67,461.52
2026-09-23 10:13:40,D321,12.857256,77.543293,35500.39,465.41
2026-09-23 10:13:50,D321,12.856614,77.545362,35511.82,463.87
2026-09-23 10:14:00,D321,12.855932,77.546851,35479.35,473.09
2026-09-23 10:14:10,D321,12.856665,77.549817,35444.87,467.88
2026-09-23 10:14:20,D321,12.855201,77.552121,35526.96,470.91
2026-09-23 10:14:30,D321,12.85516,77.553919,35428.32,462.69
2026-09-23 10:14:40,D321,12.854709,77.556147,35535.82,462.79
2026-09-23 10:14:50,D321,12.854997,77.557892,35479.72,463.01
2026-09-23 10:15:00,D321,12.85303,77.560354,35525.21,464.87
2026-09-23 10:15:10,D321,12.853627,77.562206,35387.25,463.88
2026-09-23 10:15:20,D321,12.853518,77.563498,35498.61,460.57
2026-09-23 10:15:30,D321,12.852987,77.565986,35384.09,470.66
2026-09-23 10:15:40,D321,12.852106,77.567676,35493.03,470.59
2026-09-23 10:15:50,D321,12.851594,77.570025,35506.73,468.77
2026-09-23 10:16:00,D321,12.851671,77.571853,35431.34,466.34
2026-09-23 10:16:10,D321,12.850771,77.572831,35507.19,469.62
2026-09-23 10:16:20,D321,12.849855,77.575596,35518.15,474.23
2026-09-23 10:16:30,D321,12.850408,77.577709,35470.03,471.5
2026-09-23 10:00:00,E654,13.099749,77.250241,31684.46,467.96
2026-09-23 10:00:10,E654,13.102465,77.250893,31640.23,470.38
2026-09-23 10:00:20,E654,13.103856,77.252605,31746.05,469.87
2026-09-23 10:00:30,E654,13.105976,77.253306,31732.0,473.53
2026-09-23 10:00:40,E654,13.107611,77.254798,31789.3,472.02
2026-09-23 10:00:50,E654,13.110524,77.255773,31617.15,470.8
2026-09-23 10:01:00,E654,13.112145,77.257747,31798.29,472.15
2026-09-23 10:01:10,E654,13.114306,77.258323,31653.85,470.47
2026-09-23 10:01:20,E654,13.116393,77.259863,31777.03,468.29
2026-09-23 10:01:30,E654,13.117894,77.260993,31694.21,467.94
2026-09-23 10:01:40,E654,13.120119,77.262304,31715.03,465.35
2026-09-23 10:01:50,E654,13.121706,77.263281,31738.49,470.96
2026-09-23 10:02:00,E654,13.124209,77.264402,31742.9,469.82
2026-09-23 10:02:10,E654,13.126459,77.266173,31655.66,468.98
2026-09-23 10:02:20,E654,13.128013,77.266693,31834.58,470.9
2026-09-23 10:02:30,E654,13.129678,77.268239,31743.26,471.22
2026-09-23 10:02:40,E654,13.132723,77.26934,31708.78,462.18
2026-09-23 10:02:50,E654,13.133934,77.270922,31721.53,461.04
2026-09-23 10:03:00,E654,13.135801,77.271997,31759.75,466.64
2026-09-23 10:03:10,E654,13.137774,77.272636,31687.24,461.88
2026-09-23 10:03:20,E654,13.140305,77.274503,31635.89,474.98
2026-09-23 10:03:30,E654,13.141959,77.27569,31729.28,470.54
2026-09-23 10:03:40,E654,13.144149,77.276084,31798.68,465.51
2026-09-23 10:03:50,E654,13.145839,77.27781,31696.45,473.11
2026-09-23 10:04:00,E654,13.14855,77.279205,31610.83,470.5
2026-09-23 10:04:10,E654,13.150411,77.279473,31770.42,472.67
2026-09-23 10:04:20,E654,13.151515,77.281534,31743.36,472.6
2026-09-23 10:04:30,E654,13.153613,77.28246,31624.71,460.89
2026-09-23 10:04:40,E654,13.156056,77.28404,31742.18,469.75
2026-09-23 10:04:50,E654,13.157925,77.284423,31713.69,471.69
2026-09-23 10:05:00,E654,13.159826,77.2863,31738.76,471.27
2026-09-23 10:05:10,E654,13.162355,77.286989,31766.56,468.45
2026-09-23 10:05:20,E654,13.164136,77.288142,31672.36,470.37
2026-09-23 10:05:30,E654,13.165246,77.289481,31630.62,473.12
2026-09-23 10:05:40,E654,13.16842,77.290454,31752.7,473.6
2026-09-23 10:05:50,E654,13.170361,77.292086,31771.06,467.4
2026-09-23 10:06:00,E654,13.172033,77.293013,31682.97,470.14
2026-09-23 10:06:10,E654,13.174139,77.294865,31742.91,472.57
2026-09-23 10:06:20,E654,13.176261,77.296675,31618.4,467.25
2026-09-23 10:06:30,E654,13.17859,77.296659,31780.15,470.92
2026-09-23 10:06:40,E654,13.180842,77.297555,31800.31,477.0
2026-09-23 10:06:50,E654,13.181594,77.299513,31669.07,470.12
2026-09-23 10:07:00,E654,13.183897,77.299439,31752.45,470.57
2026-09-23 10:07:10,E654,13.186592,77.301844,31864.45,470.43
2026-09-23 10:07:20,E654,13.187958,77.302726,31700.62,461.17
2026-09-23 10:07:30,E654,13.189912,77.303173,31754.12,465.04
2026-09-23 10:07:40,E654,13.191642,77.304932,31714.7,470.03
2026-09-23 10:07:50,E654,13.194434,77.306169,31755.81,480.92
2026-09-23 10:08:00,E654,13.196151,77.307528,31680.25,469.22
2026-09-23 10:08:10,E654,13.197646,77.308907,31733.21,461.35
2026-09-23 10:08:20,E654,13.279993,77.36043,31703.05,467.39
2026-09-23 10:08:30,E654,13.201449,77.308057,31776.88,469.27
2026-09-23 10:08:40,E654,13.204309,77.308213,31782.27,467.83
2026-09-23 10:08:50,E654,13.206058,77.306154,31684.5,471.37
2026-09-23 10:09:00,E654,13.207667,77.304316,31673.71,468.77
2026-09-23 10:09:10,E654,13.210609,77.303804,31757.72,469.33
2026-09-23 10:09:20,E654,13.212491,77.303263,31797.57,463.06
2026-09-23 10:09:30,E654,13.214083,77.301904,31749.89,472.55
2026-09-23 10:09:40,E654,13.216023,77.300102,31625.17,467.42
2026-09-23 10:09:50,E654,13.219071,77.299006,31609.44,472.93
2026-09-23 10:10:00,E654,13.220342,77.298515,31755.26,473.38
2026-09-23 10:10:10,E654,13.222736,77.296502,31670.37,465.62
2026-09-23 10:10:20,E654,13.223894,77.296173,31758.68,471.95
2026-09-23 10:10:30,E654,13.225272,77.294123,31616.86,474.68
2026-09-23 10:10:40,E654,13.228634,77.293512,31667.79,475.93
2026-09-23 10:10:50,E654,13.229899,77.291514,31669.14,468.28
2026-09-23 10:11:00,E654,13.23202,77.290735,31642.24,474.85
2026-09-23 10:11:10,E654,13.23394,77.289314,31793.62,465.27
2026-09-23 10:11:20,E654,13.235348,77.288909,31840.48,468.15
2026-09-23 10:11:30,E654,13.237982,77.286741,31727.33,468.1
2026-09-23 10:11:40,E654,13.239959,77.286164,31661.11,468.55
2026-09-23 10:11:50,E654,13.241278,77.284658,31721.39,470.92
2026-09-23 10:12:00,E654,13.244096,77.283962,31634.62,464.05
2026-09-23 10:12:10,E654,13.246212,77.281584,31738.0,465.28
2026-09-23 10:12:20,E654,13.248629,77.2813,31713.85,474.91
2026-09-23 10:12:30,E654,13.249575,77.279651,31651.31,466.54
2026-09-23 10:12:40,E654,13.252024,77.278998,31784.69,462.7
2026-09-23 10:12:50,E654,13.253931,77.277157,31714.68,479.34
2026-09-23 10:13:00,E654,13.256117,77.27676,31844.64,474.51
2026-09-23 10:13:10,E654,13.257821,77.27469,31725.19,467.73
2026-09-23 10:13:20,E654,13.25939,77.274096,31742.95,477.08
2026-09-23 10:13:30,E654,13.261855,77.272912,31687.07,473.49
2026-09-23 10:13:40,E654,13.26395,77.271131,31726.19,471.56
2026-09-23 10:13:50,E654,13.266102,77.270818,31640.12,466.63
2026-09-23 10:14:00,E654,13.268256,77.26891,31741.43,460.32
2026-09-23 10:14:10,E654,13.271086,77.267892,31798.64,468.65
2026-09-23 10:14:20,E654,13.272166,77.267397,31796.95,469.18
2026-09-23 10:14:30,E654,13.273946,77.266001,31866.99,470.77
2026-09-23 10:14:40,E654,13.276783,77.264303,31784.12,474.4
2026-09-23 10:14:50,E654,13.277836,77.262901,31795.72,467.87
2026-09-23 10:15:00,E654,13.279642,77.261726,31694.86,473.43
2026-09-23 10:15:10,E654,13.282206,77.261086,31752.28,467.62
2026-09-23 10:15:20,E654,13.284279,77.260073,31762.07,471.8
2026-09-23 10:15:30,E654,13.285693,77.258485,31677.79,469.9
2026-09-23 10:15:40,E654,13.287344,77.256547,31715.54,467.81
2026-09-23 10:15:50,E654,13.290043,77.255946,31728.81,472.43
2026-09-23 10:16:00,E654,13.291815,77.254712,31814.3,470.01
2026-09-23 10:16:10,E654,13.293928,77.253633,31717.32,467.16
2026-09-23 10:16:20,E654,13.295601,77.252095,31779.38,467.48
2026-09-23 10:16:30,E654,13.297938,77.25148,31710.3,472.53
